rainfall_mm,fertilizer_kg,temperature_c,soil_quality,noise_feature,crop_yield
152,35,38,3,0.34406813140202236,19.65549525486852
229,98,29,9,0.9262325428850338,56.964797271168614
142,69,23,5,0.6078385403348046,36.507401001398506
64,50,21,8,1.0325127928278814,32.092890086306184
156,38,28,1,-1.0344023564856846,19.969369929211243
121,24,34,5,0.20428294200132874,11.989369379151647
238,54,23,3,0.48121772842812693,32.88410018383514
70,74,22,1,0.46705717272888814,30.57431692988925
152,98,37,4,1.1370174186334576,43.08051379303479
171,80,19,5,0.4468901447740677,42.51036593565797
260,18,23,7,-1.1449485200714016,27.08403007129389
264,97,39,1,0.5913161169279817,45.35420251978496
124,10,28,3,-0.8830786584795335,6.568428310464576
252,17,33,2,-0.6993780483964821,16.372366936155533
137,97,33,9,-0.41850888121043234,54.26733382402044
166,72,18,6,-0.11141877658159101,46.165028423472506
149,20,26,3,-1.543725402691896,14.08736618455228
153,90,23,8,1.1168934402016786,51.78124861606139
201,17,33,8,-1.1555159100894843,26.22771997274791
180,44,20,2,1.5701106220388537,25.050470705611207
199,44,37,6,-1.124951737832857,28.782859071606325
102,42,21,7,1.2819203803142016,31.215111263210865
51,14,36,2,-0.02842145759906684,3.1983047661710717
137,50,20,2,-1.7164244459439717,26.4757129284762
285,37,36,1,-1.0429613936028512,17.548556094116986
207,16,37,8,1.3264716683190478,20.375528935848244
87,82,24,1,0.44864867405200504,30.63694209706237
179,81,37,9,-0.07873168366780701,46.69183954150425
241,21,26,6,-2.2167610544829093,22.905792469192885
237,43,18,7,1.3895663386149641,36.30795217769861
70,42,25,7,1.8704238978155172,27.47189748570832
210,57,24,3,1.6880170323689148,33.088818574499655
253,32,35,2,-0.6152452157694905,18.946728066711806
107,71,25,9,0.3827994671507864,43.39793532287116
71,97,18,8,0.49214103393666203,55.50092649730724
285,46,28,7,-1.5274526258344112,38.066867878700336
138,53,35,9,0.18049250549954757,37.47414504063036
98,95,27,4,1.0710415241175089,41.66134773890244
268,44,20,4,0.7644782353257112,33.827425599904146
108,74,24,1,-1.1111638127440977,32.48417700861183
219,56,33,8,-0.8626151215655481,34.23242398063125
269,87,33,3,0.7905939894241456,43.03982943235185
237,12,37,7,0.6328524373827114,20.73748435168243
257,10,34,2,-2.2541586795176154,13.075630147365374
64,14,19,2,-2.4565931457733945,7.5062270958930135
239,99,18,7,-0.07653206135154646,60.249145458598825
239,23,33,6,-0.5896528566871656,26.471156926446607
224,36,29,3,-0.29830122316370744,25.44798678117764
239,18,22,9,-0.41129059065981416,28.812836125904607
100,88,22,6,0.98402354456309,45.83282196024152
157,24,26,6,0.10356808444235,22.370338004271034
104,99,26,1,0.26763601416312477,42.43719874802738
293,51,20,4,-1.3423128265099935,38.7821410320856
113,86,36,6,-3.364095526463311,41.04284780019675
298,60,33,6,1.1235417816915165,41.44014865760724
180,72,33,5,2.143205188113887,34.13223302153221
278,61,20,1,-0.3425888682306461,36.237256969254695
100,13,37,8,0.2493145416219552,16.391465577446496
184,32,39,5,0.324518316374555,22.724312866450205
70,24,18,5,1.67529324966822,17.411901403450962
122,52,37,7,0.8889842942771533,30.056082137116924
216,38,28,4,0.4960642332258751,24.63732330144055
67,45,34,6,0.05557215694396702,20.85389018768852
181,22,25,4,0.060232921489092164,17.14548759423565
138,41,21,3,-1.4394615966337305,19.361399100940144
109,80,23,7,-0.3834875261947617,46.37921103118817
63,68,25,8,0.8862019661293755,34.500234994693805
291,95,37,4,-0.23370317931400506,53.514285051918435
299,37,20,2,0.04435055749906732,24.221746201399835
58,75,33,3,-1.1761274779890711,31.999777351350396
139,51,20,1,0.4455069012813843,21.533891912859126
102,54,35,8,-1.461756656035722,33.322066134942126
179,71,31,3,0.289882811537126,32.54510659934627
133,66,35,7,-0.18722495634881406,39.89749631878277
141,15,19,5,-1.7432852472117588,17.43740533616855
160,37,39,5,1.0694779520408695,23.247364024197502
237,37,20,7,-0.16386526346296804,34.802096079792776
248,53,33,9,1.8607780541191659,42.405919951077806
221,93,26,5,1.4782521148224634,51.6822133080395
57,39,21,1,-0.8794678402467568,13.092552029000593
224,71,18,1,-0.7917199786555795,33.63941774352949
84,84,21,2,-1.1719768544504452,32.896793348516006
255,98,18,6,-1.5864636184263343,58.65168513827231
130,71,31,9,-0.4221771749509968,42.62271982922385
213,10,38,8,1.4437472096857615,14.958286480300117
99,36,33,5,-1.9149073696095222,20.475882501582994
153,71,37,1,0.8519444675646848,24.513020717426834
181,86,25,7,0.768339454305004,47.62934994946139
51,12,24,5,0.5546927942236286,10.066747931426153
183,79,20,6,0.7331733647443522,44.94976868385217
103,81,34,7,-1.104221788547133,41.59501099667903
155,36,18,3,0.7615718412975966,26.696921783205116
53,18,33,3,-0.5492581815410705,5.191884707635359
103,71,29,5,-2.4591933620785484,32.73084170756671
270,46,36,6,0.05741294775637079,33.46301395525463
240,60,39,9,-0.8441077324087467,40.749536412664625
195,53,39,5,1.3588166333327287,29.2975029639955
267,33,31,1,-0.28634651616591955,19.881271953362486
93,88,23,4,0.045607839925595056,40.879606123075035
211,68,23,5,0.3891795761445395,40.963117899178336
251,41,30,5,-0.2674006378833793,30.3341807612653
239,97,36,7,-0.10384111742999894,57.14422544504163
277,61,39,4,0.8435740227803442,34.044161391786005
63,71,25,1,-1.0663214782399686,26.304868813336185
144,67,19,5,-0.7018134425276003,40.033698126684286
97,61,38,7,-0.9671110546009667,32.792073662836046
64,21,18,6,1.4367546725495532,17.483581599018443
249,48,32,5,-0.7016999770078298,33.85372687403578
255,11,18,4,-0.1432832587170799,18.00750623777014
264,12,22,2,-0.600604681249585,14.946501145403548
298,65,33,4,-0.30817795327478703,37.45782691899112
239,90,36,3,-0.7374294664767825,44.30234919894221
89,68,21,1,0.46272431364111877,29.7291995625695
262,11,20,8,-1.0408501532798962,27.94667231739271
257,11,34,5,-1.352450554909997,17.200531891858375
286,63,34,4,-0.5584203694327604,35.549982665083846
131,96,29,8,-0.798235218031533,50.84489776575967
160,10,31,7,-1.3378448238083782,14.313479768723152
102,28,38,2,-0.3233727990032017,4.546637221455636
73,11,23,1,-1.6601174205563334,2.3679319975390176
