experience_years,monthly_hours,projects_handled,salary,work_life_balance,remote_work,performance_score,left_company
15,165,5,57393,1,1,98.7,0
4,236,7,32340,5,1,77.5,0
3,165,5,31729,4,0,54.2,0
19,225,9,70692,1,0,100.0,1
7,162,3,27769,2,1,51.4,0
14,216,5,54013,5,1,100.0,0
8,154,7,88427,3,0,89.7,0
14,215,6,73861,4,0,100.0,0
10,232,4,114974,1,1,97.9,1
8,129,6,119898,4,1,100.0,0
7,133,3,108579,1,1,85.1,0
6,205,7,25022,3,1,78.5,0
4,121,5,97773,2,0,84.8,0
16,151,4,68581,1,1,91.5,0
7,168,3,82712,2,0,77.3,0
12,202,6,27911,2,0,78.0,0
0,184,8,80478,4,1,87.0,0
11,178,6,88608,4,1,100.0,0
6,130,9,97164,5,0,100.0,0
19,147,6,24216,2,1,87.2,0
12,128,3,30319,2,1,69.4,0
5,220,1,93461,3,1,73.0,0
16,174,4,50820,2,0,95.8,0
0,162,3,83117,4,0,66.5,0
2,212,3,72340,2,1,59.4,0
9,127,5,116250,2,1,99.7,0
14,248,4,90112,2,0,100.0,1
6,164,5,52438,3,0,70.5,0
4,129,9,36715,2,1,73.9,0
14,166,8,36619,4,0,90.7,0
9,247,1,119521,3,0,88.3,0
3,125,3,112512,1,0,73.4,0
3,131,8,44966,2,1,66.1,0
8,226,9,64336,1,1,91.9,1
19,160,9,96163,1,0,100.0,0
16,156,5,32855,2,1,86.0,0
1,189,1,45566,5,1,60.2,0
0,227,5,48548,5,1,64.3,0
16,213,2,97019,5,0,100.0,0
12,169,8,51336,3,0,90.8,0
7,181,5,72510,5,0,84.9,0
10,230,1,45370,2,0,68.7,1
9,255,2,68430,4,1,90.5,0
3,212,1,55895,1,1,40.7,0
0,178,7,53267,1,0,49.6,0
7,198,3,100666,2,1,89.1,0
0,167,1,60665,3,0,53.0,0
4,246,3,91615,1,1,71.6,1
3,225,5,20236,2,1,51.9,1
1,197,5,118260,1,1,74.6,0
3,144,2,95466,4,1,90.4,0
1,187,1,60433,4,0,57.4,0
19,255,1,68481,3,0,100.0,0
4,169,3,96837,4,1,88.5,0
19,153,4,67916,3,1,100.0,0
1,195,8,49361,5,0,79.0,0
5,211,7,42226,3,0,71.3,0
9,188,4,35185,2,0,69.7,0
17,215,6,93015,1,1,100.0,0
2,245,7,67598,2,0,79.8,1
19,181,9,31025,5,0,100.0,0
18,214,7,33256,1,0,91.3,0
18,198,8,96662,4,1,100.0,0
3,228,4,95341,5,0,95.4,0
11,196,9,88670,3,1,100.0,0
15,233,6,102326,3,0,100.0,0
16,242,7,69704,3,0,100.0,0
12,244,5,92499,5,1,100.0,0
11,217,3,26721,4,1,86.5,0
9,128,8,90573,3,1,100.0,0
9,214,7,72149,5,0,100.0,0
12,217,9,63040,4,0,100.0,0
3,154,7,111316,2,1,89.0,0
14,132,2,65427,1,0,83.6,0
14,124,1,109799,1,0,100.0,0
20,164,8,29092,1,0,100.0,0
15,175,7,24172,1,0,80.8,0
3,140,9,68128,3,0,86.2,0
16,163,6,78370,4,1,100.0,0
4,138,5,46415,4,1,73.3,0
11,241,4,76661,2,1,89.7,1
8,138,1,42294,1,0,46.0,0
11,223,8,45566,3,0,95.7,0
15,125,5,25974,2,0,78.8,0
13,253,1,36503,1,1,79.3,1
18,190,9,105847,2,1,100.0,0
7,188,6,74324,3,1,89.7,0
3,222,1,55594,3,0,50.1,0
12,174,8,107176,2,1,100.0,0
12,208,6,71019,1,0,81.9,0
15,211,2,116551,5,1,100.0,0
8,136,6,20323,5,0,67.0,0
6,244,5,60431,5,0,92.0,0
6,253,2,57491,1,1,70.8,1
12,224,7,20839,5,0,89.1,0
7,213,6,37008,2,1,80.2,0
17,193,7,55398,3,1,100.0,0
10,159,9,86893,1,1,100.0,0
15,250,6,35376,3,0,93.0,0
5,157,5,41244,4,0,72.6,0
4,206,7,104994,4,1,97.6,0
20,166,1,70535,2,0,100.0,0
9,129,7,91300,1,1,91.2,0
9,135,3,98877,3,0,89.1,0
0,219,4,107269,5,1,92.0,0
2,248,2,116589,1,1,77.9,1
12,153,7,79583,2,0,98.1,0
6,141,8,84280,4,0,99.4,0
8,186,1,93429,5,0,93.7,0
2,131,1,86667,3,0,54.3,0
10,167,5,69391,1,1,85.9,0
14,259,8,71919,2,1,100.0,1
20,156,1,104612,5,0,100.0,0
17,173,3,65205,3,0,100.0,0
6,127,7,84750,3,0,81.6,0
10,246,2,30907,1,1,69.9,1
17,139,3,119756,1,1,100.0,0
5,206,3,74648,3,0,73.3,0
15,165,9,107498,2,0,100.0,0
17,246,8,26555,2,1,99.7,1
12,201,3,99957,2,1,100.0,0
9,153,5,28985,5,1,74.5,0
8,128,8,59789,1,0,75.5,0
15,236,8,33251,2,1,90.6,1
5,138,2,77349,3,0,67.3,0
9,201,1,63904,2,0,74.3,0
4,223,2,36657,4,1,61.9,0
12,248,9,66922,3,0,100.0,0
9,192,8,77127,1,1,88.8,0
11,132,5,34823,2,0,66.6,0
6,244,7,68083,1,0,77.1,1
1,216,2,106860,1,1,71.9,0
11,201,5,72276,1,1,90.2,0
19,249,9,44344,4,1,100.0,0
12,157,8,68642,4,0,100.0,0
12,157,4,70887,4,1,96.4,0
13,211,4,55292,3,0,89.1,0
4,163,7,25733,1,0,60.0,0
7,204,5,66663,5,1,89.4,0
9,231,6,100123,1,1,100.0,1
6,256,8,116690,4,1,100.0,0
15,182,8,33500,1,0,88.5,0
11,204,7,22793,3,1,86.3,0
18,177,9,46915,3,1,100.0,0
16,247,9,34962,1,0,100.0,1
5,242,7,23241,2,0,51.6,1
3,186,3,25939,5,1,53.5,0
13,244,3,109526,5,1,100.0,0
0,148,3,93123,2,0,69.7,0
1,199,6,114799,5,1,100.0,0
