Study_Hours_Per_Day,Sleep_Hours,Attendance_Percentage,Exam_Score
6.397371322408986,7.411272456051594,91.80818012523817,83.28642741736616
5.889388559063052,6.389578175014488,86.77440122697438,80.9886136538919
6.518150830480554,7.104431797502378,91.80697802754207,84.19357144166996
7.218423885126421,6.0201649380601125,97.69018283232984,87.02025428407269
5.812677300221331,6.335906975550785,89.82086980445024,94.43092950605265
5.812690434440656,7.098430617934562,97.82321827907003,85.8728890641592
7.263370252405913,7.369233289997705,76.90127447955128,86.28775195361382
6.6139477833223275,7.085684140594985,94.10951252187611,84.62777042116916
5.624420491252038,6.9421758588058795,90.43523534119086,75.4061439235048
6.434048034868772,6.849448152205356,88.50496324767066,84.86743062275391
5.62926584575003,6.260739004816286,90.45880388267751,85.30115104970513
5.627416197143795,6.640077895802646,80.06215542699553,97.31621056242643
6.193569817252827,6.769680614520106,88.90164056081244,84.03819517609439
4.469375804273762,7.528561113109458,91.78556285755873,86.50773671166806
4.620065733989573,7.1718091447842305,97.38947022370758,84.82644115147379
5.550169976607222,6.118479922318633,87.40864890863176,79.15660981190234
5.189735103732461,7.162041984697398,85.95753198553406,90.7141140725751
6.2513978660762195,6.807458859791842,87.49121478207732,88.75966516343387
5.273580739583031,6.6615389998470205,94.57701058851038,88.95515973521523
4.870157038931767,7.305838144420434,91.64375554829843,80.4530627260263
7.172519015137244,7.515499761247975,87.3511989811648,92.0139715546805
5.819378959610772,7.465640059558099,92.56633716556678,77.9907446860386
6.054022563750339,6.580391238388681,90.4853877467402,87.93428546900135
4.860201451029234,6.845393812074393,94.84322495266444,95.95227812904989
5.5644938203798535,7.165631715701782,86.48973453061323,80.04731837434656
6.088738071767893,7.48777256356118,88.36168926701116,82.16851135198614
5.079205138062157,6.760412881077355,88.0394592343392,85.4982568254382
6.300558414676537,6.907170511668092,82.68242525933941,82.48262172941901
5.519489048064956,6.446832512996986,91.48060138532288,77.24668284466934
5.766645000165378,6.401896687959665,91.30527636089944,85.34281487403014
5.5186347102164826,7.406262911197099,90.02556728321231,79.68848143136948
7.48182254760715,7.678120014285412,88.82706433312427,87.36796215317591
5.989202220209653,6.963994939209833,82.92314628974793,80.40287882883098
5.1538312568352795,7.501766448946012,87.89677338617321,92.7496720250877
3.451722695364634,6.047758301385507,81.49830745905166,68.80351413390807
3.774556938656027,5.966291342224686,81.32281231220942,52.849144480054356
4.5694620521587686,6.010513829020737,66.73398379225745,66.11872588861657
3.1383949784962315,6.453738974351538,69.37304976050926,61.02928121138967
4.1592219542228905,6.704691184889986,78.09021160325196,70.11460000877734
4.9149999279977,6.666014479598012,78.08271570547325,60.244875569403796
2.874761735807141,6.996309949421614,78.09028611783629,64.31158135119861
4.129243700972613,6.507801135126744,98.11638894392833,68.02992367388275
4.181917955973897,7.372120446294391,78.42534306415901,70.19453116502073
4.547276010244117,6.3412059000572265,81.8133938410836,57.79822155766534
3.1341345023853426,8.132101499953771,80.72401058095922,62.99299258495431
3.0756803708410065,6.8754004086590035,78.90834750783479,62.150328133034265
4.3653590959318285,5.985705466150231,73.10838453215793,61.08002460455773
4.20788927126323,5.857464501163332,79.55381532295961,75.59272544168658
4.1753449952421136,6.789483449145911,70.36304871277457,67.42989026576574
4.242513746647883,6.36592232880449,73.57908835955995,57.43469627398973
3.5239826948950563,6.928400296455255,72.08781871302538,70.50717168232866
4.162577588012702,6.783942574744127,75.49124483631793,77.7329371820758
4.205150731309077,6.456302652405876,88.88795140004105,71.19479156330688
3.4999540073815427,5.991923769158957,63.796408844449516,55.88378020427592
5.306042157801329,5.591091665188481,79.11756114224708,62.09459556280249
4.331683044638251,6.232091028759787,65.32370477286209,72.60146689511974
3.166087551958146,7.013839276594084,72.1684088052634,60.753983206287316
4.459587526043681,6.628456246478122,81.53370358180419,67.66291656887736
3.317722830840875,5.752556732772807,75.38568011457278,69.64780432057601
4.550959222619716,6.603908555510709,68.53353133242416,59.4384171705315
4.811016905305182,6.731190427837302,70.70817774444019,64.6428478636292
3.425522377153803,5.96968553827932,79.07758649360805,45.55239595958557
4.6743632904710255,6.592235063567316,70.61780020969718,58.85367415199426
4.288946648855549,6.5349252310676,76.29875153749185,63.484591091641036
4.575442111996143,5.814217821301626,75.27343103942289,57.5133009082109
5.3277550878577635,6.71467241620897,71.0903979143651,74.79446782358981
3.828228318797991,6.836470715820941,87.86366453595195,56.4191517322362
1.779977756651508,5.107873271862121,67.800957867342,45.08814680547256
2.0653702886430456,6.023105523586283,58.82354094798289,45.683732689841825
2.720636644533058,5.927259185803425,53.39602242565991,39.58893151301174
1.2820689244102803,5.485368884225096,57.42891326677605,45.1715712198126
2.58158187607748,5.582129168316148,63.303451634205,48.48598803871815
2.0051165305097935,6.3943654270518975,55.4902035775682,55.158005254565296
1.5092456744760245,5.085900027814919,53.422236835468546,51.71489578259645
2.231051737131635,5.882968166819026,61.9494976919353,60.07227720258089
2.099529847786735,5.358465143296274,61.95973256886978,39.628567059783656
1.6998915614206027,5.347623157740946,55.94445459703096,51.106244457044745
2.0349010424950094,6.269143796391033,56.23169355505342,46.28339404016846
1.80734320156912,6.077791444291621,61.85639949886109,60.32862053252371
2.056758672625624,6.069456745200447,48.415325268021405,39.341912002513936
2.3310653372605232,6.41383516500803,48.740289804987555,39.121947104734566
2.793008408072676,5.514702689142931,54.252446229980514,40.804251481891846
1.3810922505865755,5.977367079906474,58.292422786305224,30.132729929831353
3.066516687328133,5.2828132703845805,62.487260524784034,41.319714848234675
1.023956100238749,5.726916446741909,71.80284973559641,39.686071369124114
1.9241074524822084,5.408899861942621,66.86127698561616,46.052756505333456
2.2941586032422885,5.5678971754949025,58.72049176029258,47.392291830440115
2.1404959338675162,5.91660991780584,59.84787033677849,58.1331958745112
1.6886502400897032,4.92724552173657,51.97976508289753,51.652966867302354
1.8959388748213624,6.964671092979822,59.85189491206088,40.96167441036318
1.7534995326705836,4.795787832950209,57.690730888638896,38.71109730056149
1.7053176215278942,4.650067971048587,62.58174848270472,48.44343420054554
2.4248010485105125,6.310677611450047,53.38215245158142,35.7583675508555
2.1785077429825237,6.054163885774055,64.15477211392938,57.82021136098048
1.6535452023696728,5.936883871936509,72.26191130402063,53.25608084504901
2.4497999377166253,5.939841856484996,59.12991881234514,41.71577043526707
2.1536497604383045,5.4914272590071596,63.21369377679153,33.008058296363856
2.40643105941948,4.871921939959918,65.5211519336889,54.477106619157894
2.314814420961806,5.5530631907356085,56.79023622491331,44.19822108323167
1.585502494538964,5.025986801941522,61.79273985448334,53.66471418381423
